Group,Group_Id
Black Nationalists,1
New Year's Gang,2
Left-Wing Militants,3
Armed Commandos of Liberation,4
Student Radicals,5
White extremists,6
Strikers,7
Armed Revolutionary Independence Movement (MIRA),8
Weather Underground Weathermen,9
Revolutionary Force 9,10
Chicano Liberation Front,11
Puerto Rican Resistance Movement,12
Black Panthers,13
Unknown,14
Cuban Exiles,15
The World United Formosans for Independence (WUFI),16
Revolutionary Force 26,17
Stop the War Coalition,18
Ku Klux Klan,19
Black Afro Militant Movement,20
Revolutionary Force Seven,21
Jewish Defense League (JDL),22
White Panther Party,23
Right-wing extremists,24
Neo-Nazi extremists,25
Black Liberation Army,26
Puerto Rican Nationalists,27
Chicano Radicals,28
Anti-Communist extremists,29
Jewish Armed Resistance,30
Sons of Liberty,31
Comrades in Arms,32
Puerto Rican Revolutionary Movement,33
Secret Cuban Government,34
Republic of New Afrika,35
Black Muslims,36
American Indian Movement,37
Zebra killers,38
Americans for Justice,39
Anti-Government extremists,40
Fuerzas Armadas de Liberacion Nacional (FALN),41
Latin America Anti-Communist Army (LAACA),42
Ananda Marga,43
Liberation Tigers of Tamil Eelam (LTTE),44
George Jackson Brigade,45
Supporters of Charles Manson,46
South Moluccans,47
New World Liberation Front (NWLF),48
Armenian Group,49
Save Our Israel Land,50
Jewish Extremists,51
Fred Hampton Unit of the People's Forces,52
United Freedom Front (UFF),53
Independent Armed Revolutionary Commandos (CRIA),54
May 19 Communist Order,55
Palestine Liberation Organization (PLO),56
Lolita Lebron Puerto Rican Liberation Command,57
Anti-Abortion extremists,58
African-American extremists,59
Revolutionary Commandos of the People (CRP),60
Front for the National Liberation of Puerto Rico,61
Macheteros,62
Otpor,63
People's Temple,64
Croatian Nationalists,65
Hawaiian extremists,66
Croatian Freedom Fighters,67
Action Squad,68
Gaddafi loyalists,69
Revolutionary Communist Youth Brigade (RCYB),70
Armenian Secret Army for the Liberation of Armenia,71
Armed Forces of Popular Resistance (FARP),72
People's Brigade For A Healthy Genetic Future,73
Awami League,74
Jewish Defenders,75
Qaddafi loyalists,76
Anti-Communist Viets Organization,77
Black Brigade (United States),78
Grupo Estrella,79
Omega-7,80
Antonia Martinez Student Commandos (AMSC),81
Army of God,82
Vietnamese Organization to Exterminate Communists and Restore the Nation,83
May 15 Organization for the Liberation of Palestine,84
United Jewish Underground,85
Iranian extremists,86
Jamaat-al-Fuqra,87
Covenant Sword and the Arm of the Lord (CSA),88
The Order (Silent Brotherhood),89
Organization of Volunteers for the Puerto Rican Revolution,90
Anti-Muslim extremists,91
Anti-Technology extremists,92
Basque Fatherland and Freedom (ETA),93
Up the IRS Inc,94
The Order II (Bruder Schweigen Strike Force II),95
Vietnamese Refugees,96
Anti-Government Group,97
El Movimiento Revolucionario Independinista,98
Animal Liberation Front (ALF),99
Aryan Nation,100
Guerrilla Forces for Liberation,101
Evan Mecham Eco-Terrorist International Conspiracy (EMETIC),102
Pedro Albizu Campos Revolutionary Forces,103
Mormon Extremist,104
Organization Alliance of Cuban Intransigence,105
Animal Rights extremists,106
Earth First!,107
Americans for a Competent Federal Judicial System,108
Anti-feminist extremists,109
Earth Night Action Group,110
Environmentalists,111
Irish Republican Army (IRA),112
Christian Liberation Army,113
Tontons Macoutes,114
Mujahedin-e Khalq (MEK),115
Mexican Revolutionary Movement,116
Fourth Reich Skinheads,117
Boricua Revolutionary Front,118
Maccabee Squad and the Shield of David,119
Aryan Republican Army,120
Farm Animal Revenge Militia (FARM),121
Union of Peaceful Citizens of Algeria,122
Jewish Fighting Organization (Eyal),123
Inkatha Freedom Party (IFP),124
Chechen Rebels,125
Phineas Priesthood,126
Earth Liberation Front (ELF),127
Hamas (Islamic Resistance Movement),128
Muslim Rebels,129
Turkish radicals,130
Hutu extremists,131
Loyalist Volunteer Forces (LVF),132
Continuity Irish Republican Army (CIRA),133
Fighting Guerrilla Formation,134
Lashkar-e-Jhangvi,135
Algerian Islamic Extremists,136
15-May,137
Hezbollah,138
Alex Boncayao Brigade (ABB),139
Irish National Liberation Army (INLA),140
Armed Islamic Group (GIA),141
Conscientious Arsonists (CA),142
Revolutionary Workers' Council (Kakurokyo),143
Union of Democratic Forces,144
Corsican National Liberation Front (FLNC),145
Palestinian Extremists,146
Pattani United Liberation Organization (PULO),147
Al-Ummah,148
Shining Path (SL),149
National Union for the Total Independence of Angola (UNITA),150
Zviadists,151
Lord's Resistance Army (LRA),152
Revolutionary Armed Forces of Colombia (FARC),153
Abu Sayyaf Group (ASG),154
Democratic Karen Buddhist Army (DKBA),155
November 17 Revolutionary Organization (N17RO),156
First of October Antifascist Resistance Group (GRAPO),157
Sipah-e-Sahaba/Pakistan (SSP),158
Al-Gama'at al-Islamiyya (IG),159
Muttahida Qami Movement (MQM),160
Allied Democratic Forces (ADF),161
Kurdistan Workers' Party (PKK),162
Kosovo Liberation Army (KLA),163
Supporters of Ali Mahdi Mohammed,164
14 K Triad,165
National Liberation Army of Colombia (ELN),166
May-98,167
Popular Revolutionary Army (Mexico),168
Revolutionary Nuclei,169
Real Irish Republican Army (RIRA),170
Revolutionary Struggle,171
White Legion (Georgia),172
Khmer Rouge,173
Corsican National Liberation Front- Historic Channel,174
Anti-Christian extremists,175
Arsonists for Social Cohesion,176
Bodo Liberation Tigers (BLT),177
National Liberation Front of Tripura (NLFT),178
Hizbul Mujahideen (HM),179
Grey Wolves,180
Al-Qaida,181
People's War Group (PWG),182
Kurdish Democratic Party-Iraq (KDP),183
Banyamulenge rebels,184
Muslims Against Global Oppression (MAGO),185
Devrimici Halk Kurtulus Cephesi (DHKP/C),186
Wolves of Islam,187
Turkish Communist Party/Marxist (TKP-ML),188
Abu Nidal Organization (ANO),189
Revolutionary United Front (RUF),190
Naxalites,191
National Democratic Front of Bodoland (NDFB),192
Movement of Democratic Forces of Casamance,193
Popular Liberation Army (EPL),194
Moro Islamic Liberation Front (MILF),195
Partisan Sharpshooters,196
Peasant Self-Defense Group (ACCU),197
Israeli settlers,198
Party for the Liberation of the Hutu People (PALIPEHUTU),199
Breton Liberation Front (FLB),200
Supporters of Colonel Mahmud Khudoyberdiyev,201
Orange Volunteers (OV),202
Gunmen,203
Tigers,204
United Liberation Front of Assam (ULFA),205
Tribesmen,206
Right-Wing Death Squad,207
Fight Against Authority,208
Mahdaviyat,209
Children of November,210
Separatists,211
Matan Abdulle,212
Vishwa Hindu Parishad (VHP),213
People Against Gangsterism and Drugs (PAGAD),214
Red Hand Defenders (RHD),215
Support of Ocalan-The Hawks of Thrace,216
Sword of Islam,217
Ranbir Sena,218
Albanian extremists,219
Sudan People's Liberation Army (SPLA),220
Ansar Sarallah,221
Salafist Group for Preaching and Fighting (GSPC),222
Harkatul Jihad-e-Islami,223
The Extraditables,224
Islamist extremists,225
The Front for the Liberation of the Cabinda Enclave - Renewed (FLEC),226
Maoists,227
Georgian extremists,228
Basque extremists,229
Ulster Volunteer Force (UVF),230
Muslim extremists,231
Maoist Communist Center (MCC),232
Comite d'Action Viticole,233
Anti-Environmentalists,234
People's Liberation Army (India),235
SKIF Detachment,236
National Democratic Alliance of Sudan,237
New People's Army (NPA),238
New Revolutionary Alternative (NRA),239
Anti-Imperialist Commando,240
Combat 18,241
Anti-Racist Guerrilla Nuclei,242
Red Line,243
Purbo Banglar Communist Party,244
White Wolves (UK),245
Jarrai,246
Loyalists,247
Aitarak Militia,248
Besi Merah Putih Militia,249
People's Liberation Organization of Tamil Eelam,250
Anti-Independence extremists,251
Red Brigades Fighting Communist Party (BR-PCC),252
People's Sovereignty Party (PDR),253
National Army for the Liberation of Uganda (NALU),254
United Self Defense Units of Colombia (AUC),255
Fatherland,256
Mozambique National Resistance Movement (MNR),257
Front for the Liberation of the Enclave of Cabinda (FLEC),258
Guadalcanal Liberation Army,259
Kach,260
Serbian extremists,261
Anti-Semitic extremists,262
Ijaw extremists,263
Free Aceh Movement (GAM),264
Karen National Union,265
Ariska Brodraskapet (Aryan Brotherhood),266
Hells Angels,267
World Church of the Creator,268
Anti-State Proletarian Nuclei,269
Lashkar-e-Taiba (LeT),270
Mahidi,271
The Northern Alliance (or United Islamic Front for Salvation of Afghanistan - UIFSA),272
Jaime Bateman Cayon Group (JBC),273
The Justice Department,274
Dima Halao Daoga (DHD),275
Irish Republican Extremists,276
Ulster Freedom Fighters (UFF),277
Khalistan Liberation Force,278
Tupamaro Revolutionary Movement,279
Adan Abyan Islamic Army (AAIA),280
Pro-Indonesia extremists,281
Israeli extremists,282
Armata di Liberazione Naziunale (ALN),283
Ummah Liberation Army,284
Communist Party of India- Marxist-Leninist,285
Union of Revolutionary Communists in Turkey (TIKB),286
Harakat ul-Mujahidin (HuM),287
Vigorous Burmese Student Warriors,288
Sunni Muslim extremists,289
Left-wing extremists,290
All Tripura Tiger Force (ATTF),291
Friendly Company,292
Great Eastern Islamic Raiders Front (IBDA-C),293
Pro-Pakistani extremists,294
Gazteriak,295
Fatherland and Liberty Nationalist Front (FNPL - Frente Nacionalista Patria y Libertad FNPL),296
Paramilitaries,297
National Council for Defense of Democracy (NCDD),298
Angry Brigade (Italy),299
Youth of Islamic Awakening,300
Anti-State Action,301
Anti-Capitalist Action,302
Al-Ittihaad al-Islami (AIAI),303
Zionist Resistance Fighters,304
Anti-Zionist Movement,305
Militants,306
Al-Nawaz,307
National Socialist Council of Nagaland,308
Bengali Tiger Force (BTF),309
Beli Orlovi (White Eagles),310
Colombian Patriotic Resistance,311
Autonomous Decorators,312
Anarchist Faction,313
Odua Peoples' Congress (OPC),314
Revolutionary Leninist Brigades,315
28s,316
Beja Congress,317
Insurgents,318
Guerrillas,319
Erotic Anti-authority Cells,320
National Liberation Army (Ecuador),321
Communist Party of Nepal- Maoist (CPN-M),322
National People's Party (Rashtriya Janata Dal - RJD),323
Grupo de Combatientes Populares,324
Muslim Militants,325
Squadrons of Terror (Katibat El Ahoual),326
Serb Radical Party,327
Andres Castro United Front,328
Shia Muslim extremists,329
Moro National Liberation Front (MNLF),330
Coalition to Save the Preserves (CSP),331
Last Generation,332
Iparretarrak (IK),333
Jaish-e-Mohammad (JeM),334
Iconoclasts,335
Karbi National Volunteers (KNV),336
Revolutionary Perspective,337
Turkish Hezbollah,338
Revenge of the Trees,339
Supporters of General Lino Oviedo,340
National Front Against Tigers (NFAT),341
Hindu extremists,342
Fighters of Democratic Latvia,343
Zimbabwe African Nationalist Union (ZANU),344
International Solidarity,345
Protestant extremists,346
Rebels,347
Revolutionary Proletarian Initiative Nuclei (NIPR),348
Al-Ma'unah,349
Baby Liberation Army,350
Jamaat-E-Islami (Bangladesh),351
Fuerzas Armadas Revolucionarias del Pueblo (FARP),352
Fundamentalists,353
Anarchists,354
Bandits,355
Jemaah Islamiya (JI),356
Tribal Group,357
Armed People,358
Youths,359
Black Star,360
Armata Corsa,361
Militia Members,362
Anarchist Struggle,363
Chukakuha (Middle Core Faction),364
Former Soldiers/Police,365
Hutus Former Soldiers,366
Skinheads,367
National Socialist Council of Nagaland-Isak-Muivah (NSCN-IM),368
Iraqi extremists,369
Miscreants,370
Government Supporters,371
Uighur Liberation Organization,372
Anti-Communist Command (KAK),373
Federation of Students and Scholars of Cote d'Ivoire (FESCI),374
Right-Wing Paramilitaries,375
Akhilesh Singh Gang,376
Umar al-Mukhtar Martyr Forces,377
Corsican Separatists,378
United Bengali Liberation Front (UBLF),379
Palestinian Islamic Jihad (PIJ),380
Al-Aqsa Martyrs Brigade,381
Rebel Military Unit,382
U/I Somali Militiamen,383
The Husayn Ubayyat Martyrs' Brigades,384
National Bolshevik Party (Partiya Natsionalnikh Bolshevikov - PNB),385
Palestinian Hezbollah,386
The Islamic Revolution to Liberate Palestine,387
Cambodian Freedom Fighters (CFF),388
Muslims,389
U/I Liberian Gunmen,390
Civil War Veterans,391
Palestinians,392
Kashmiri extremists,393
Jordanian Islamic Resistance,394
Takfir wal-Hijra (Excommunication and Exodus),395
Islamic Defenders' Front (FPI),396
Algerian Moslem Fundamentalists,397
Jamiat ul-Mujahedin (JuM),398
Anarchists Attack Team,399
Popular Resistance Committees,400
Intifada Martyrs,401
Rastas,402
Communist Party of India- Marxist,403
Muslim Separatists,404
United People's Democratic Solidarity (UPDS),405
Free Papua Movement (OPM-Organisasi Papua Merdeka),406
Civic United Front (CUF),407
National Liberation Army (NLA) (Macedonia),408
Opposition Group,409
Supporters of Saddam Hussein,410
Chukakuha Revolutionary Army,411
Al-Fatah,412
Marhan Clan,413
Democratic Front for the Liberation of Palestine (DFLP),414
Civil Association for Peace in Colombia Asocipaz,415
Liberation Army for Presevo Medvedja and Bujanovac (UCPMB),416
Extremists,417
Chakma tribal group,418
Tanzim,419
Bangladesh Sarbahara Party,420
Muslim Fundamentalists,421
Liberation War Veterans Association,422
Haika,423
Dissident,424
Angola Rebels,425
Kanglei Yawol Kanna Lup (KYKL),426
Rodolfo Walsh National Command,427
Supporters of Muhammad Umar Habib,428
Supporters of Muse Sudi Yalahow,429
Death Squad,430
Croat Democratic Union,431
Students Islamic Movement of India (SIMI),432
Anti-Imperialist Territorial Nuclei (NTA),433
Liberians United for Reconciliation and Democracy (LURD),434
Revolutionary Violence Units,435
Afghans,436
Popular Front for the Liberation of Palestine (PFLP),437
Ethiopians,438
Forces for the Defense of Democracy (FDD),439
Al-Hamas Mujahideen,440
Hezbollah Palestine,441
Mayi Mayi,442
Free Vietnam Movement,443
Anti-United States extremists,444
Supreme Council for Islamic Revolution in Iraq (SCIRI),445
Gilad Shalhevet Brigades,446
Al-Umar Mujahideen,447
Georgian Militants,448
Anarchist Squad,449
Group of Carlo Giuliani,450
Anarchist Liberation Brigade,451
People's Revolutionary Army (ERP),452
Nobles of Jordan,453
Neo-Fascists,454
Achik National Volunteer Council (ANVC),455
Albanian National Army (ANA),456
Catholic Reaction Force,457
Popular Army Vanguards- Battalions of Return,458
South Londonderry Volunteers (SLV),459
Musa Sudi Yalahow Militia,460
Taliban,461
Habi's Er'roub seriat,462
Association Totalement Anti-Guerre (ATAG),463
Mujahedin Kompak,464
11-Sep,465
Movement for the Actualization of the Sovereign State of Biafra (MASSOB),466
People's Democratic Party (PDP),467
Indigenous People's Federal Army (IPFA),468
Karenni National Progressive Party,469
Jihadi-inspired extremists,470
Draa El Mizan Seriat,471
Pentagon Kidnap Group,472
Anti-Israeli extremists,473
Karamojong Warriors,474
Habr Gedir Clan,475
Revolutionary Force,476
Scottish National Liberation Army,477
U/I Snipers,478
Avengers of the Infants,479
United Kuki Liberation Front (UKLF) - India,480
Red Brigades Fighting Communist Union (BR-UCC),481
Islamic Front,482
Ninjas,483
Ansar al-Islam,484
Sympathizers of Al-Qaida Organization,485
Grozny Jamaat,486
Porattom,487
Laskar Jihad,488
Fanmi Lavalas,489
Didier Ratsiraka's Militia,490
Face to Face (Face-a-Face),491
Taliban (Pakistan),492
Popular Resistance (Laiki Antistasi),493
Movement for Democratic Change (MDC),494
Barisan Revolusi Nasional (BRN),495
Lashkar-e-Omar,496
Al-Madina,497
Congolese Rally for Democracy (RCD),498
Oromo Liberation Front,499
Sardinian Autonomy Movement,500
Mujahideen Islam Pattani,501
New Revolutionary Popular Struggle (NELA),502
Armed Forces of the Chechen Republic of Ichkeria,503
Rabid Brothers of Giuliani,504
Al-Intiqami al-Pakistani,505
Al-Mansoorian,506
Ed'daoua Es'salafia Lilqadha,507
All Nepal National Free Student Union-Revolutionary,508
Army of the Republic of Ilirida,509
Democratic Iraqi Opposition of Germany,510
Guadalcanal Liberation Front (GLF),511
People's Revolutionary Militias (MRP),512
Al-Arifeen,513
Islamic Shashantantra Andolon (ISA),514
Anti-Kim Jong-il extremists,515
Tawhid and Jihad,516
Right-Wing Group,517
Jerusalem Groups Hebrew (Qvutzot Yerushalayim),518
Hizb-I-Islami,519
Al-Badr,520
Young Liberators of Pattani,521
Harakat ul-Mujahidin Al-Almi,522
Ramzi Nahra Martyr Organization,523
Al-Nasirin (India),524
Fulani extremists,525
CCCCC,526
Save Kashmir Movement,527
Mungiki Sect,528
Resistenza Corsa,529
Jamaat-E-Islami (India/Pakistan),530
Islamic Fateh,531
Shan United Revolutionary Army,532
Supporters of Johnny Adair,533
Vanguard of Red Youth (AKM),534
Jama'atul Mujahideen Bangladesh (JMB),535
Simon Bolivar Guerrilla Coordinating Board (CGSB),536
White Legion (Ecuador),537
Zemun Clan,538
Enraged Revolutionaries,539
Tehrik al-Mojahedin,540
The War That Was Never Declared,541
Kuki Liberation Army (KLA),542
Saif-ul-Muslimeen,543
Egyptians,544
Pokot extremists,545
Comando Malvinas Argentinas,546
Dissident Republicans,547
Uighur Separatists,548
Al-Qaida in Saudi Arabia,549
Proletarian Nuclei for Communism,550
Muslim United Army (MUA),551
Salafia Jihadia,552
People's Revolutionary Party of Kangleipak (PREPAK),553
Left-Wing Guerrillas,554
Popular Front for the Liberation of Palestine Gen Cmd (PFLP-GC),555
Swaziland Youth Congress (Swayoco),556
Popular Revolutionary Action,557
Al-Shuda Brigade,558
Egbema National Front,559
Armed Vanguards of a Second Mohammed Army,560
Revolutionary Cells-Animal Liberation Brigade,561
Cannibal Army,562
Fedayeen Imam Mahdi,563
Al-Qaida in Iraq,564
Kashmir Freedom Force,565
Free Democratic People's Government of Laos,566
United National Liberation Front (UNLF),567
Union of Congolese Patriots (UPC),568
Kuki National Front (KNF),569
Loyalist Action Force,570
Kuki Revolutionary Army (KRA),571
Informal Anarchist Federation,572
The Inevitables,573
Al-Haramayn Brigades,574
Kamtapur Liberation Organization (KLO),575
Armed Revolutionary Left (IRA),576
Moroccan extremists,577
Mahdi Army,578
Riyadus-Salikhin Reconnaissance and Sabotage Battalion of Chechen Martyrs,579
Anti-Government Guerrillas,580
Mujahedeen Brigades,581
Itsekiri,582
Jaish al-Ta'ifa al-Mansura,583
Resistance Cell,584
Al-Qaida in the Arabian Peninsula (AQAP),585
Khalid ibn Walid Brigade,586
Jenin Martyrs Brigades,587
Mujahedeen Corps in Iraq,588
Islamic Jihad Group (IJG),589
Islambouli Brigades of al-Qaida,590
Kurdistan Freedom Hawks (TAK),591
Islamic Army in Iraq (al-Jaish al-Islami fi al-Iraq),592
Al Zawahiri Loyalists,593
Anonymous Underground Movement (MCA),594
Rashtriya Swayamsevak Sangh,595
Sipah-I-Mohammed,596
Abdullah Azzam Brigades,597
French Armed Islamic Front,598
Ansar al-Sunna,599
Jaish al-Muslimin (Army of the Muslims),600
1920 Revolution Brigades,601
Hofstad Network,602
Salafi Daawa Group,603
Balochistan National Army,604
Christian extremists,605
Communists,606
Global Intifada,607
Baloch Liberation Army (BLA),608
Brigades of Iman Hassan-al-Basri,609
Mahsud Tribe,610
Baloch Nationalists,611
Colonel Karuna Faction,612
Thai Islamic Militants,613
Organization of Soldiers of the Levant,614
Omar Bin Khattab Group,615
Al-Shabaab al-Mu'minin,616
Communist Party of India - Maoist (CPI-Maoist),617
Al-Nasireen Group,618
Patriotic Resistance Front in Ituri (FRPI),619
National Anti-Corruption Front (FNA),620
Tela Mohammed,621
Dagestani Shari'ah Jamaat,622
Nationalist Integrationist Front (FNI),623
Mariano Moreno National Liberation Commando,624
Arbav Martyrs of Khuzestan,625
Al-Ahwaz Arab People's Democratic Front,626
Hizb al-Tahrir al-Islami (HT),627
United Jihad Council,628
Imam Hussein Brigade,629
Karbi Tribe,630
All Ethiopian Unity Party (AEUP),631
Mujahidin Ambon,632
Niger Delta People's Volunteer Force (NDPVF),633
Islamic Courts Union (ICU),634
Abida Tribe,635
Al-Qaida Organization for Jihad in Sweden,636
Anti-State Justice,637
Revenge Brigade,638
Fuerzas Auton????micas y Destructivas Le????n Czolgoscz,639
Revolutionary Action of Liberation,640
Mujahedeen Army,641
People's United Democratic Movement (PUDEMO),642
Coalition for Unity and Democracy (CUD),643
Ansar al-Tahwid wal Sunna,644
Mutahida Majlis-e-Amal,645
Kawal ng Pilipinas (Soldier of the Philippines),646
Al-Qaida in Lebanon,647
Al-Qaida Network for Southwestern Khulna Division,648
Mujahedeen Shura Council,649
Kangleipak Communist Party (KCP),650
Young Officer Union of the New Generation and Reformist Armed Forces of the Philippines (YOU-RAFP),651
Solidarity with imprisoned members of Action Directe (AD),652
Kurdish Separatists,653
United Front for Democratic Change (FUC),654
Karbi Longri North Cachar Liberation Front (KLNLF),655
National Liberation Alliance of Sa Kaeo,656
Houthi extremists (Ansar Allah),657
Movement for the Emancipation of the Niger Delta (MEND),658
Egyptian Tawhid and Jihad,659
Jundallah (Iran),660
Banner of Islam,661
Janjaweed,662
Sunni Supporters,663
Islamic Tendency,664
Janatantrik Terai Mukti Morcha (JTMM),665
Kata'ib al-Khoul,666
Haqqani Network,667
Martyr Sami al-Ghul Brigades,668
Janatantrik Terai Mukti Morcha- Goit (JTMM-G),669
Jund al-Sahabah Group,670
Oglaigh na hEireann,671
People's Tamil Organization,672
El-Feth katibat,673
Jihadist Soldiers,674
Islamic Companies,675
Union of Forces for Democracy and Development (UFDD),676
National Redemption Front,677
Islamic Swords of Justice in the Land of Ribat,678
Salafi Abu-Bakr al-Siddiq Army,679
Janatantrik Terai Mukti Morcha- Jwala Singh (JTMM-J),680
Islamic State of Iraq (ISI),681
Ogaden National Liberation Front (ONLF),682
Al-Qaida in the Islamic Maghreb (AQIM),683
Bunda Dia Kongo (BDK),684
Afar Revolutionary Democratic Unity Front,685
Democratic Front for the Liberation of Rwanda (FDLR),686
Sabaot Land Defense Force (SLDF),687
National Socialist Underground,688
Jadid Al-Qaida Bangladesh (JAQB),689
Al-Qaida Kurdish Battalions (AQKB),690
Tuareg Guerrillas,691
Asa'ib Ahl al-Haqq,692
Mujahideen Youth Movement (MYM),693
Anbar Salvation Council,694
Karbi Longri National Liberation Front (KLNLF),695
Jund al-Sham for Tawhid and Jihad,696
Anti-Apostate Movement Alliance (AGAP),697
Diyala Salvation Council,698
Adivasi National Liberation Army (ANLA),699
Athens and Thessaloniki Arsonist Nuclei,700
Just Punishment Brigades,701
Kuki National Army (KNA),702
Young Communist League,703
Popular Army for the Restoration of Democracy (APRD),704
Fatah al-Islam,705
Madhesi People's Rights Forum (MPRF),706
Movement of Niger People for Justice (MNJ),707
Al-Qaida in Yemen,708
Janatantrik Terai Mukti Morcha- Bisphot Singh (JTMM-B),709
Amr Bil Maroof Wa Nahi Anil Munkir,710
Tuareg extremists,711
Justice and Equality Movement (JEM),712
Terai Army,713
Al-Khobar,714
Union of Chadian Forces (UFNT),715
Tehrik-i-Taliban Pakistan (TTP),716
United Janatantrik Terai Mukti Morcha (U-JTMM),717
Babbar Khalsa International (BKI),718
Baloch Republican Army (BRA),719
Bhumi Uchched Pratirodh Committee (BUPC),720
Union Parishad,721
Democratic Movement for the Liberation of the Eritrean Kunamas (DMLEK),722
Tehrik-e-Nafaz-e-Shariat-e-Mohammadi (TNSM),723
Al-Fajr,724
Al-Shabaab,725
Alcubar group,726
Black Widows,727
Supporters of Sultan Abd-al-Bagi,728
Janatantrik Terai Mukti Morcha- Prithvi Singh (JTMM-P),729
Armed Revolutionary Action (ENEDRA),730
The United Revolutionary Front of Bhutan,731
The Jean Marc Rouillan Armed and Heartless Columns,732
Jaish Al-Umma (Army of the Nation),733
The Nation's Army,734
Samyukta Janatantrik Terai Mukti Morcha (SJTMM),735
National Socialist Council of Nagaland-Khaplang (NSCN-K),736
Jihadi Movement of the Sunna People of Iran,737
Shan State Army - South (SSA-S),738
Caucasus Emirate,739
Forbidden Blockade (Greece),740
National Liberation Front (FNL) (Burundi),741
Anti-Democratic Struggle,742
LW,743
Terai Cobra,744
Al-Mujahedin Brigades (Palestine),745
Madhesi Mukti Tigers (MMT),746
Runda Kumpulan Kecil (RKK),747
Eastern Turkistan Islamic Movement (ETIM),748
Janatantrik Terai Mukti Morcha- Rajan Mukti (JTMM-R),749
Future movement (Lebanon),750
Syrian Social Nationalist Party,751
Amal,752
Progressive Socialist Party (PSP),753
Conqueror Army,754
Farmer's Movement of the Philippines (KMP),755
Gangs of Conscience,756
Tamil Makkal Viduthalai Pulikal (TMVP),757
People's United Liberation Front (PULF),758
Naga People's Council (NPC),759
Akhil Terai Mukti Morcha (ATMM),760
Somali Islamic Front,761
Kirat Janabadi Workers Party,762
Madhesi Virus Killers,763
Niger Delta Freedom Fighters (NDDF),764
People's Liberation Front of India,765
Popular Will (Greece),766
Ahrar Al-Jalil (Free People of the Galilee),767
South Ossetian Separatists,768
Abkhazian Separatists,769
14 March Coalition,770
Juarez Cartel (Carrillo-Fuentes / Mexico),771
Turkestan Islamic Party,772
Indian Mujahideen,773
Anti-Liberal extremists,774
Umbane People's Liberation Army (Swaziland),775
Niger Delta Vigilante (NDV),776
Janatantrik Terai Mukti Morcha- Ranbir Singh (JTMM-RS),777
National Liberation Army (Nepal),778
Hizbul al Islam (Somalia),779
Forest Brothers,780
Iraq's Jihadist Leagues,781
Sudan Liberation Movement,782
Jundallah (Pakistan),783
Gulf Cartel,784
Army of State Liberators,785
Forces for the Unification of the Central African Republic (FIRCA),786
Jharkhand Liberation Tigers (JLT),787
National Congress for the Defense of the People (CNDP),788
Incendiary Committee of Solidarity for Detainees,789
Deccan Mujahideen,790
Kata'ib Hezbollah,791
Rastriya Janashakti Party (RJP),792
Conspiracy of Cells of Fire,793
Militant Organization of Russian Nationalists,794
Afghan Revolutionary Front,795
Ansar Wa Mohajir (Pakistan),796
Ahlu-sunah Wal-jamea (Somalia),797
Congolese Patriotic Resistence-Patriotic Armed Forces (Pareco/FAP),798
Madhesh Rastra Janatantrik Revolutionary (RJR) - Nepal,799
Baloch Liberation Front (BLF),800
Mahan Madhesh Janakantri Party (MMJP)- Nepal,801
Hushaysh Tribal Members,802
Supreme Command for Jihad and Liberation,803
Bhisan Himali Bag,804
Himali Tigers,805
Sect of Revolutionaries (Greece),806
Macedonian nationalists,807
Tritiya Prastuti Committee (TPC),808
Revolutionary Liberation Action (Epanastatiki Apelevtherotiki Drasi) - Greece,809
Tibetan separatists,810
All Burma Students' Democratic Front (ABSDF),811
Nihilists Faction,812
Kurdistan Free Life Party,813
Tharuhat Joint Struggle Committee (TJSC),814
Revolutionary Headquarters (Turkey),815
Citizen's Rights Protection Volunteers,816
Basque Separatists,817
All India Anna Dravida Munetra Kazgan Party,818
Bangladesh Nationalist Party (BNP),819
Terai Rastriya Mukti Sena (TRMS),820
Tehrik-e-Galba Islam,821
Nepal Defense Army,822
Islamic Jihad Union (Uzbekistan),823
Minutemen American Defense,824
Alexandros Grigoropoulos Anarchist Attack Group,825
Balochistan Liberation United Front (BLUF),826
Kara clan,827
Bodo People's Front (BPF),828
People's Committee against Police Atrocities (PCPA),829
Naga People,830
Lashkar-e-Islam (Pakistan),831
Attack Teams for the Dissolution of the Nation (Greece),832
Iraqi Sunni Extremists,833
Deniers of Holidays,834
NVF,835
Boko Haram,836
Zero Tolerance,837
Illuminating Paths of Solidarity,838
Militant Forces Against Huntingdon,839
Revolutionary Cells (Argentina),840
Black Eagles,841
Gono Bahini (GB),842
Urhobo Revolutionary Army,843
Lashkar-e-Balochistan,844
The Black Sun,845
Ansar Al Sunnah (Palestine),846
Bangsamoro National Liberation Army,847
Arauco Malleco Coordinating Group (CAM) - Chile,848
Abkhazian guerrillas,849
Council for the Destruction of Order,850
Islamic Party (Somalia),851
Freedom Eagles of Africa,852
Convention of Patriots for Justice and Peace,853
Hoodie Wearers,854
Anarchist Action (CA / United States),855
Black and Red Anarchist and Anti-Authoritarians Initiative (Greece),856
Terai Janatantrik Party,857
Jacinto Araujo Internationalist Rebel Insurrectionist Brigade,858
Paramilitary members,859
The Joint Revolutionary Council,860
Shield of Islam Brigade,861
Asbat al-Ansar,862
Revolutionary Continuity,863
National League for Democracy,864
Ansarul Islam (Pakistan),865
Southern Yemen Separatists,866
Merille Militia,867
United Front for Democracy Against Dictatorship,868
Terai Janatantrik Madhes Party,869
Sisters in Arms,870
Janatantrik Terai Madhesh Mukti Morcha (JTMMM),871
Rebellious Group Lambros Foundas,872
Samyukta Jatiya Mukti Morcha (SJMM),873
Southern Mobility Movement (Yemen),874
Fighting For Freedom Coalition (FFFC-Ottawa),875
Dynamic Youth Forum,876
Baloch Militant Defense Army,877
Swatantra Nepal Dal,878
Paraguayan People's Army (EPP),879
Aniban ng Ayaw sa Komunista (ANAK)????,880
Bedouin tribesmen,881
Wahhabi Movement,882
Groups for Dissemination of Revolutionary Theory and Action,883
Tehrik-e-Tuhafaz (Pakistan),884
Real Ulster Freedom Fighters (UFF) - Northern Ireland,885
Karabulak Gang,886
Mouhajiroune Brigade,887
Friends of Freedom,888
Islamic Movement of Uzbekistan (IMU),889
Vandalicia Teodoro Suarez,890
United Democratic Liberation Army (UDLA),891
Terai Madheshi Mukti Morcha (TMMM),892
Jund Al-Tawid,893
Volunteers of Innocent People of Nagas (VIPN),894
Garo National Liberation Army,895
Sindhu Desh Liberation Army (SDLA),896
Africa Marine Commando,897
Animal Rights Militia,898
Niger Delta Liberation Force (NDLF)-Nigeria,899
Anarkista Jorge Banos Front of the Everyone For The Homeland Movement (MTP),900
Army of Islam,901
Delta Democratic Militia,902
Karbi People's Liberation Tigers (KPLT),903
Black Hawks (Anti-Wahhabists),904
Baloch Mussalah Diffah Tanzim (BMDT),905
Madhesh Mukti Sangram (MMS),906
Jamaah Ansharut Tauhid (JAT),907
Arab People's Group,908
South Sudan Liberation Army (SSLA),909
Ansaru (Jama'atu Ansarul Muslimina Fi Biladis Sudan),910
Arab Socialist Baath Party of Iraq,911
Joint Meeting Parties (JMP),912
National Front for the Revolution in Burundi (FRONABU-Tabara),913
Provisional RSPCA,914
Adivasi People's Army (APA),915
Baloch Liberation Tigers (BLT),916
Tawhid and Jihad (Palestine),917
Muslim United Liberation Tigers of Assam (MULTA),918
Khumbuwan Mukti Morcha,919
Hekla Reception Committee-Initiative for More Social Eruptions,920
Hill Tiger Force (HTF),921
Movement for Oneness and Jihad in West Africa (MUJAO),922
Liberation and Justice Movement (LJM),923
Soldiers of the Caliphate,924
Comando Aut????nomo Voltaire Argando????a,925
United Baloch Army (UBA),926
Free Syrian Army,927
Revolutionary Insurgent Armed Forces of Ecuador (FAIRE),928
Islamic Movement of Kashmir,929
Individuals Tending Toward Savagery,930
Zintani Militia,931
Core Conspirators for the Extension of Chaos (N????cleo de Conspiradores por la Extensi????n de Kaos),932
Shabelle Valley militia,933
Qari Kamran Group,934
Tehrik-e-Taliban Islami (TTI),935
Sudan Liberation Army-Minni Minawi (SLA-MM),936
Urban Guerrilla War,937
Coordination Committee (CORCOM),938
Al-Nusrah Front,939
National Committee for the Restoration of Democracy and State (CNRDR),940
People's Revolutionary Party of Kangleipak-Progressive (PREPAK-P),941
Communist Party of Nepal (People's War Group),942
Supporters of Ali Abdullah Saleh,943
Civilian Defense,944
Secessionists,945
Azawad National Liberation Movement (MNLA),946
Pro Hartal Activists,947
Ansar al-Dine (Mali),948
Kachin Independence Army (KIA),949
Force Etudiante Critique,950
Mahaz Fedai Tahrik Islami Afghanistan,951
Shiv Sena,952
Friends of Loukanikos,953
Telangana Separatists,954
Islami Jamiat-e-Talaba (IJT),955
United People's Democratic Front (UPDF) - Bangladesh,956
Brigades of Imprisoned Sheikh Omar Abdel-Rahman,957
Nepalbad Party,958
Knights Templar (Caballeros Templarios),959
Republican Action Against Drugs (RAAD),960
Ingush Rebels,961
Zetas,962
Mujahedeen Shura Council in the Environs of Jerusalem,963
Sovereign Citizen,964
International Revolutionary Front,965
Partido Marxista-Leninista ng Pilipinas (PMLP),966
Hynniewtrep National Liberation Council (HNLC),967
Brigade of al-Mukhtar al-Thaqafi,968
Bangsamoro Islamic Freedom Movement (BIFM),969
Dissident Republican Guard,970
Pro-LGBT Rights extremists,971
Jaish-e-Islam,972
David Yau Yau Militia,973
Ansar al-Sharia (Libya),974
Ansar al-Sharia (Tunisia),975
Yakariya Bango Insurgent Group,976
Ansar Bayt al-Maqdis (Ansar Jerusalem),977
Zomi Revolutionary Army (ZRA),978
Sudan People's Liberation Movement - North,979
The New Irish Republican Army,980
Sudurpaschim Janata Dal,981
Diraa al-Shahbaa Rebel Brigade,982
Tawheedul Islam,983
Militant Minority (Greece),984
Punjabi Taliban,985
Biswabhumi Sena Bishal Nepal,986
Sindhudesh Revolutionary Army (SRA),987
Mapuche activists,988
Mujahideen Ansar,989
Ansarullah Bangla Team,990
Al-Mua'qi'oon Biddam Brigade (Those who Sign with Blood),991
Golden Dawn,992
Wild Freedom,993
Anti-Police extremists,994
Mateo Morral Insurrectionist Commandos,995
Communist Party of Nepal-Maoist (Baidya),996
Mombasa Republican Council (MRC),997
Yarmouk Martyrs Brigade,998
Overall Deniers of Joining the Existing,999
Buddhist Monks,1000
Terai Communist Party,1001
National Democratic Front-Bicol (NDF-Bicol),1002
Hassan Mabkhut Group,1003
February 14th Movement,1004
Islamic State of Iraq and the Levant (ISIL),1005
Maoist Communist Party of Manipur,1006
Sayfullakh,1007
Zehri Youth Force (ZYF),1008
Abdul Qader Husseini Battalions of the Free Palestine movement,1009
Anti-Gentrification Front,1010
Anti-Gun Control extremists,1011
Al-Ashtar Brigades,1012
Proletariat Self-defense Groups,1013
Mujahidin Indonesia Timur (MIT),1014
English Defense League (EDL),1015
Mukhtar Army,1016
Borderless Solidarity Cell (BSC),1017
United Achik Liberation Army (UALA),1018
313 Brigade (Syria),1019
Civilian Joint Task Force (JTF),1020
Detonators of Social Uprisings,1021
Muslim Brotherhood,1022
Unsubordinated Desires,1023
Pahadi Cheetah,1024
Zuwar al-Imam Rida,1025
Four Martyrs Brigade,1026
National Liberation Force of Bengalis (Bangali Janamukti Bahini),1027
Sanatan Sanstha,1028
Islamic Unification Movement,1029
Angry Foxes Cell,1030
Al-Furqan Brigades,1031
Defenders of the Nation's Sovereignty,1032
Vanguards of the Caliphate,1033
Bru National Liberation Front (BNLF),1034
Powers of the Revolutionary Arc,1035
Liwa al-Tawhid,1036
Aba Cheali Group,1037
Resistencia Galega,1038
Libya Revolutionaries Operations Room (LROR),1039
United Liberation Front of Barak Valley (ULFBV) - India,1040
Jaish al-Adl,1041
Militant People's Revolutionary Forces,1042
M23,1043
Ansaru ash-Sharia (Russia),1044
Achik National Volunteer Council-B (ANVC-B),1045
Manipur Naga People's Army (MNPA),1046
Jaish al-Mukhtar,1047
Anti-Balaka Militia,1048
Unification Army Sons Brigade,1049
Group of Popular Fighters,1050
Jund al-Islam,1051
Tabu Tribe,1052
Achik Tiger Force,1053
Kuki Tribal Militants,1054
National Liberation Council of Taniland,1055
Al-Qaqa Brigade,1056
Ajnad Misr,1057
Anti-Yanukovych extremists,1058
Baloch Waja Liberation Army (BWLA),1059
Tamil Nadu Liberation Army,1060
Tehrik-e-Khilafat,1061
Jaish as-Saiyouf (Army of Swords),1062
The Association for Islamic Mobilisation and Propagation (UAMSHO),1063
Biafra Zionist Movement (BZM),1064
Liwa Ahrar al-Sunna,1065
Islamic Front (Syria),1066
Donetsk People's Republic,1067
Sudan People's Liberation Movement in Opposition (SPLM-IO),1068
Democratic Front of the Central African People (FDPC),1069
Tanzeem al-Islami al-Furqan,1070
Haftar Militia,1071
Incel extremists,1072
Organization for Revolutionary Self Defense,1073
Luhansk People's Republic,1074
United Revolutionary Front,1075
Bodu Bala Sena,1076
Rafallah al-Sahati Brigade,1077
Achik Songna An'pachakgipa Kotok (ASAK),1078
Libyan Militia,1079
Sinai Province of the Islamic State,1080
Hamza Combat Group against Atheism and Heresy,1081
National Socialist Council of Nagaland-Khole-Kitovi (NSCN-KK),1082
Al-Madani Brigade,1083
Knights of Janzour,1084
Armenian extremists,1085
Orfei Harsha'am,1086
Random Anarchists,1087
Proletarian Solidarity,1088
Al-Jihad (Pakistan),1089
Jund al-Khilafa,1090
Manipur Nationalist Revolutionary Party (MNRP),1091
Jamaat-ul-Ahrar,1092
German Resistance Movement,1093
Al-Zintan Revolutionaries' Military Council,1094
Yazidi extremists,1095
Mapuche Ancestral Resistance (RAM),1096
Mawlawi and Mansour Group,1097
Anarchist Anti-Capitalist Action Group,1098
Kharkiv Partisans,1099
Tripoli Province of the Islamic State,1100
Proletarian Assault Group,1101
Hafiz Gul Bahadur Group,1102
Achik National Cooperative Army (ANCA),1103
Lehava,1104
Khorasan Chapter of the Islamic State,1105
Anarchist Attack Consortium,1106
Jund Ansar Allah,1107
Arab Movement of Azawad (MAA),1108
Al-Qaida in the Indian Subcontinent,1109
Revenge Movement,1110
Bru Democratic Front of Mizoram (BDFM),1111
Popular Resistance Movement (Egypt),1112
Anti-Immigrant extremists,1113
Okba Ibn Nafaa Brigade,1114
Ahle Sunnat Wal Jamaat (ASWJ-Pakistan),1115
Barqa Province of the Islamic State,1116
Kouweikhat Group,1117
Patriotic Europeans against the Islamization of the West (PEGIDA),1118
Hindu Illaignar Sena,1119
Jund al-Khilafah (Tunisia),1120
People's Defense Unit (Turkey),1121
Urhobo Gbagbako,1122
Revolutionary Punishment Movement,1123
Ta'ang National Liberation Army (TNLA),1124
Communist Party of Nepal - Maoist (CPN-Maoist-Chand),1125
Revolutionary Army,1126
Abdul Ghani Kikli Militia,1127
United National Liberation Front of WESEA (UNLFW),1128
Supporters of the Islamic State in Jerusalem,1129
Lashkar-e-Islam (India),1130
Revolutionary Cells Network (SRN),1131
Sanaa Province of the Islamic State,1132
Najd Province of the Islamic State,1133
Odessa Underground,1134
Ansar al-Sharia Operations Room (Syria),1135
National Liberation Front (Ecuador),1136
Saraya Waad Allah,1137
Hijaz Province of the Islamic State,1138
Jaish al-Fatah (Syria),1139
Adan-Abyan Province of the Islamic State,1140
Macina Liberation Front (FLM),1141
Anti-Nuclear extremists,1142
Ukrainian nationalists,1143
Magahat Militia,1144
Sheikh Omar Hadid Brigade,1145
Baloch Young Tigers (BYT),1146
Death Squad (Iraq),1147
Bangladesh Tiger Force,1148
Jai Shri Ram Hindu Bhai Group,1149
Jaysh al-Islam (Syria),1150
Aceh Singkil Islamic Care Youth Students Association (PPI),1151
Free Libya Martyrs Brigade,1152
Tepi Youth,1153
Pagan Sect of the Mountain,1154
Freital Group,1155
United Tribal Liberation Army (UTLA),1156
Anti-Sikh extremists,1157
Seleka,1158
Baba Ladla Gang,1159
Islamic State in Bangladesh,1160
Ansar al-Imam Musa al-Sadr,1161
Kata'ib al-Imam Ali,1162
Rubicon (Rouvikonas),1163
Ramiro Ledesma Social Centre,1164
Lekagak Tenggamati,1165
Citizens for Constitutional Freedom,1166
Harakat al-Nujaba,1167
Achik Matgrik Army (AMA),1168
Maute Group,1169
Democratic Youth Federation of India (DYFI),1170
Union of Patriots for the Defense of Innocents (UPDI),1171
Antagonistic Nuclei of the New Urban Guerrilla,1172
Kuki Independent Organization (KIO/KIA),1173
Weichan Auka Mapu,1174
Arakan Army (AA),1175
Shura Council of Mujahideen in Derna,1176
Court Reform extremists,1177
Base Movement,1178
Jaish al-Umar (JaU),1179
Jharkhand Prastuti Committee (JPC),1180
Murle Tribe,1181
Tripura Group,1182
Nyatura Militia,1183
Tribal Revolutionary Army (TRA),1184
Kani Brigade,1185
Niger Delta Avengers (NDA),1186
Halqa-e-Mehsud,1187
Islamic State in Egypt,1188
Revolutionary Communist Centre (RCC),1189
Red Egbesu Water Lions,1190
Tiwa Liberation Army,1191
Kazakhstan Liberation Army,1192
Suqour al-Ahvaz,1193
National Democratic Alliance (NDA),1194
Islamic Movement for the Liberation of Raja,1195
Anti-Trump extremists,1196
Les Casseurs,1197
Red Scorpion,1198
Ahfad al-Sahaba-Aknaf Bayt al-Maqdis,1199
Black Hebrew Israelites,1200
Anti-White extremists,1201
Peace at Home Council,1202
Mai Mai Manu Militia,1203
Sasna Tsrer,1204
Southern Front,1205
Opponents of disabled people,1206
Niger Delta Justice Defense Group (NDJDG),1207
Hasam Movement,1208
Dashmesh Regiment,1209
Unrepentant Anarchists,1210
Niger Delta Greenland Justice Mandate (NDGJM),1211
Rugovasit Group,1212
Chama Pueblo en Rebelion,1213
The 78 Unemployed,1214
Cossack Separatists,1215
Thanthai Periyar Dravidar Kazhagam (TPDK),1216
Tehrik-e-Hurriyat (TeH),1217
Al-Yakin Mujahidin,1218
Islamic State in the Greater Sahara (ISGS),1219
Abbala extremists,1220
Revolution's Brigade,1221
Popular Mobilization Forces (Iraq),1222
Bharatiya Janata Party,1223
Nordic Resistance Movement,1224
Rohingya extremists,1225
Shura Council of Benghazi Revolutionaries,1226
Supporters of Abd Rabbuh Mansur Hadi,1227
Shuar extremists,1228
Anti-Park extremists,1229
Jharkhand Kranti Raksha Dal (Utari Chotanagpur),1230
Sindh Revolutionary Army,1231
The Independent Military Wing of the Syrian Revolution Abroad,1232
Al-Fateh Al-Jadid,1233
Mai Mai Mazembe Militia,1234
Popular Resistance Committees (Yemen),1235
Ansar al-Islam (Burkina Faso),1236
Al-Zawiya Syndicates Council,1237
Misanthropic Division,1238
People's Revolutionary Movement (MRP),1239
Anti-LGBT extremists,1240
Raia Mutomboki Militia,1241
Zeliangrong United Front,1242
United Democratic Madhesi Front (UDMF),1243
Jamaah Ansharut Daulah,1244
Cells of Direct Attack - Living Waste Group,1245
Conspiracy of Vengeful Arsonists,1246
Coordination of Azawad Movements (CMA),1247
Council for Justice in Azawad,1248
Naga extremists,1249
Anti-Arab extremists,1250
South East Antrim Brigade,1251
Rajput extremists,1252
Fire and Flame for the Police (FFdP),1253
Jabha East Africa,1254
Wild Individualities,1255
Good Vision Party (India),1256
Jharkhand Janmukti Parishad (JJP),1257
Imam Shamil Battalion,1258
Kamwina Nsapu Militia,1259
Fight Xenophobia,1260
People's Protection Units (YPG),1261
Corsican Nationalists,1262
National Socialist Council of Nagaland-Reformation (NSCN-R),1263
Popular Front for the Renaissance of the Central African Republic (FPRC),1264
Patriotic Ginbot 7 Movement for Unity and Democracy (PGMUD),1265
Jamaat Nusrat al-Islam wal Muslimin (JNIM),1266
Niger Delta Forest Army (NDFA),1267
Khasi Students Union,1268
Irrintzi,1269
Niger Delta extremists,1270
Gorkha Janmukti Morcha (GJM),1271
Anti-Republican extremists,1272
Shutdown G20: Take Hamburg offline!,1273
Liberal Democratic Council for Missing Land,1274
Equilibrio Nacional,1275
United Party for National Development (UPND),1276
Justicieros de la Frontera,1277
Arab-Israeli extremists,1278
Gbagbo Loyalists,1279
Hay'at Tahrir al-Sham,1280
Informal Feminist Commando for Anti-authoritarian Action,1281
Arakan Rohingya Salvation Army (ARSA),1282
Ansar al-Sharia (Pakistan),1283
Pro-Russia Militia,1284
Gorkha Liberation Army (GLA),1285
Indigenous People of Biafra (IPOB),1286
Revolutionary Armed Forces of Colombia (FARC) dissidents,1287
Christian State-Holy Rus,1288
Ambazonia Defense Forces (ADF),1289
The Nocturnals,1290
Mai Mai Yakutumba Militia,1291
Ansar al-Sunna (Mozambique),1292
Pro-Government extremists,1293
Ahneish Militia,1294
Feminist extremists,1295
Movement for the Restoration of the Independence of Southern Cameroons,1296
Sikh Extremists,1297
Crypteia,1298
Nepali Congress Party (NC),1299
Bedouin Israeli extremists,1300
Fatoni Warriors,1301
