Country,Location_Id
United States,1
Poland,2
Italy,3
India,4
Sri Lanka,5
Netherlands,6
Guyana,7
Sweden,8
Bangladesh,9
Spain,10
Canada,11
United Kingdom,12
France,13
Azerbaijan,14
Algeria,15
Israel,16
South Africa,17
Turkey,18
Ethiopia,19
Malta,20
Burundi,21
Russia,22
Iraq,23
West Bank and Gaza Strip,24
Austria,25
Rwanda,26
Greece,27
Pakistan,28
Bulgaria,29
Lebanon,30
Philippines,31
Thailand,32
Japan,33
Slovak Republic,34
Chad,35
Colombia,36
Georgia,37
Peru,38
Jordan,39
Sierra Leone,40
Angola,41
Uganda,42
Cambodia,43
Yugoslavia,44
Germany,45
Chile,46
Hungary,47
Egypt,48
Ireland,49
Latvia,50
Somalia,51
Macau,52
China,53
Albania,54
Kenya,55
Venezuela,56
Iran,57
Mexico,58
Macedonia,59
Tajikistan,60
Armenia,61
Yemen,62
Bosnia-Herzegovina,63
Tanzania,64
Democratic Republic of the Congo,65
Afghanistan,66
Australia,67
Haiti,68
Ecuador,69
Belgium,70
Senegal,71
Switzerland,72
Indonesia,73
Cyprus,74
Swaziland,75
Brazil,76
Uzbekistan,77
Sudan,78
Zambia,79
Nepal,80
Paraguay,81
Panama,82
Belarus,83
Argentina,84
Estonia,85
Mozambique,86
Solomon Islands,87
Kosovo,88
Nigeria,89
Myanmar,90
Ukraine,91
Namibia,92
Fiji,93
Kyrgyzstan,94
Denmark,95
Niger,96
Guatemala,97
Belize,98
East Timor,99
Nicaragua,100
Malaysia,101
Laos,102
Croatia,103
Zimbabwe,104
Hong Kong,105
Saudi Arabia,106
Gambia,107
Central African Republic,108
Guinea,109
Qatar,110
Kazakhstan,111
Ivory Coast,112
Moldova,113
Slovenia,114
Liberia,115
St. Lucia,116
Norway,117
South Korea,118
Vietnam,119
Guinea-Bissau,120
Montenegro,121
Kuwait,122
Taiwan,123
Republic of the Congo,124
Costa Rica,125
Czech Republic,126
New Zealand,127
Tunisia,128
Madagascar,129
Honduras,130
Malawi,131
International,132
Turkmenistan,133
Serbia-Montenegro,134
Bahrain,135
Morocco,136
Bolivia,137
Djibouti,138
Syria,139
Mauritania,140
Togo,141
Trinidad and Tobago,142
Uruguay,143
Lesotho,144
Maldives,145
Bhutan,146
Cuba,147
Mali,148
Western Sahara,149
Jamaica,150
Eritrea,151
Finland,152
Romania,153
Serbia,154
Cameroon,155
Libya,156
Equatorial Guinea,157
United Arab Emirates,158
Portugal,159
South Sudan,160
Burkina Faso,161
Dominican Republic,162
Gabon,163
Papua New Guinea,164
